{
  "version": "0.14.6",
  "database": {
    "bucket_size": 32768,
    "enzyme": {
      "missed_cleavages": 2,
      "min_len": 5,
      "max_len": 50,
      "cleave_at": "KR",
      "restrict": "P",
      "c_terminal": true,
      "semi_enzymatic": null
    },
    "fragment_min_mz": 200.0,
    "fragment_max_mz": 2000.0,
    "peptide_min_mass": 500.0,
    "peptide_max_mass": 5000.0,
    "ion_kinds": [
      "b",
      "y"
    ],
    "min_ion_index": 2,
    "static_mods": {
      "C": 57.0215
    },
    "variable_mods": {
      "M": [
        15.9949
      ],
      "^Q": [
        -17.026548
      ],
      "^E": [
        -18.010565
      ]
    },
    "max_variable_mods": 2,
    "decoy_tag": "rev_",
    "generate_decoys": true,
    "fasta": "C:/dmt.avt/ms-data-c/fasta/uniprot-proteome_UP000005640_human_ORIG.fasta"
  },
  "quant": {
    "tmt": null,
    "tmt_settings": {
      "level": 3,
      "sn": false
    },
    "lfq": true,
    "lfq_settings": {
      "peak_scoring": "Hybrid",
      "integration": "Sum",
      "spectral_angle": 0.7,
      "ppm_tolerance": 5.0,
      "combine_charge_states": true
    }
  },
  "precursor_tol": {
    "ppm": [
      -20.0,
      20.0
    ]
  },
  "fragment_tol": {
    "ppm": [
      -15.0,
      15.0
    ]
  },
  "precursor_charge": [
    2,
    4
  ],
  "isotope_errors": [
    -1,
    2
  ],
  "deisotope": false,
  "chimera": false,
  "wide_window": false,
  "min_peaks": 5,
  "max_peaks": 150,
  "max_fragment_charge": 2,
  "min_matched_peaks": 5,
  "report_psms": 1,
  "predict_rt": true,
  "mzml_paths": [
    "C:/dmt.avt/ms-data-c/diff-now-id-later/2024-05-21/file_01.raw.mzML"
  ],
  "output_paths": [
    "c:\\dmt.avt\\ms-data-c\\diff-now-id-later\\2024-05-21\\sage-lfq\\results.sage.tsv",
    "c:\\dmt.avt\\ms-data-c\\diff-now-id-later\\2024-05-21\\sage-lfq\\lfq.tsv",
    "c:\\dmt.avt\\ms-data-c\\diff-now-id-later\\2024-05-21\\sage-lfq\\results.json"
  ]
}